{
  "unemployment_rate": 0.06676899462778205,
  "labor_force_participation": 0.6900497810831884,
  "no_schooling_rate": 0.011635799476389024,
  "hs_grad_rate": 0.2982552656397359,
  "bachelors_rate": 0.10813632383646528,
  "single_mother_rate": 0.08195193583914603,
  "married_couple_rate": 0.1763944348703291,
  "public_assist_rate": 0.16462549954879463,
  "ssi_rate": 0.020535463975329408,
  "per_capita_income": 24364.0,
  "post_covid": 0.0,
  "gini_index": 0.4616,
  "no_health_insurance": 36.0,
  "housing_cost_burden": 213.0,
  "median_income": 44386.0,
  "log_total_obligation": 17.897249628255725,
  "direct_payment_share": 0.8392304014129643,
  "grants_share": 0.011634460982150555,
  "contract_share": 4.7770892270232e-05,
  "hhs_share": 0.00016432482379764377,
  "usda_share": 0.0058141850048421045,
  "ssa_share": 0.7895728961387121,
  "hud_share": 0.012434243161959317,
  "log_avg_award_value": 12.10687780519294,
  "obligation_growth_yoy": 0.0074567773162736994,
  "is_delta": 0.0
}