{
  "years": [
    2014,
    2015,
    2016,
    2017,
    2018,
    2019,
    2020,
    2021,
    2022,
    2023
  ],
  "delta": [
    0.540204,
    0.525911,
    0.231156,
    -0.233456,
    -0.258062,
    -0.35853,
    -0.319929,
    -0.326663,
    -0.439764,
    -0.564566
  ],
  "appalachia": [
    0.107808,
    0.113834,
    -0.100454,
    -1.047019,
    -0.974141,
    -1.133776,
    -1.026308,
    -1.06065,
    -1.218794,
    -1.296916
  ]
}