{
  "years": [
    2014,
    2015,
    2016,
    2017,
    2018,
    2019,
    2020,
    2021,
    2022,
    2023
  ],
  "states": {
    "arkansas": [
      18.112547,
      17.73065,
      17.56132,
      17.203794,
      16.809717,
      16.287867,
      15.266305,
      15.067845,
      15.231245,
      15.589027
    ],
    "kentucky": [
      17.909361,
      17.940707,
      17.881032,
      17.519429,
      16.839246,
      16.254849,
      16.039104,
      15.695722,
      15.614364,
      15.597219
    ],
    "louisiana": [
      18.191952,
      18.118722,
      18.10531,
      18.38569,
      18.246379,
      17.538084,
      17.234183,
      17.413214,
      17.476979,
      17.711159
    ],
    "mississippi": [
      21.56336,
      21.845351,
      21.13625,
      20.517567,
      20.506543,
      20.10023,
      19.148101,
      19.274132,
      19.049443,
      19.366795
    ],
    "tennessee": [
      16.284473,
      15.914732,
      15.729485,
      15.481858,
      14.995451,
      14.412589,
      13.620611,
      13.230421,
      13.330472,
      13.206545
    ],
    "virginia": [
      11.964591,
      12.013545,
      11.947697,
      11.514986,
      11.273242,
      11.240306,
      10.719456,
      10.585815,
      11.173231,
      11.055651
    ],
    "west virginia": [
      14.93796,
      14.736858,
      14.308492,
      14.575697,
      14.536292,
      13.783297,
      13.403269,
      13.231715,
      13.18446,
      13.117542
    ]
  },
  "appalachia_mean": [
    15.16629,
    15.057529,
    14.968806,
    14.864105,
    14.39447,
    13.933823,
    13.424126,
    13.189591,
    13.325038,
    13.181826
  ],
  "appalachia_std": [
    4.820974,
    4.941779,
    4.854433,
    4.838825,
    4.778819,
    4.576858,
    4.625078,
    4.347414,
    4.354866,
    4.349294
  ],
  "delta_mean": [
    19.360174,
    19.37253,
    19.006083,
    18.809999,
    18.651018,
    18.182365,
    17.501419,
    17.492176,
    17.343222,
    17.733165
  ],
  "delta_std": [
    5.241395,
    5.190422,
    4.950974,
    5.055661,
    5.223394,
    5.080617,
    5.029496,
    5.269952,
    4.714549,
    4.802274
  ]
}