{
  "mean": [
    0.07272207980336323,
    0.6919942667696856,
    0.012672528903670658,
    0.2936370000349044,
    0.12385568020419632,
    0.08801716831927937,
    0.18518709578655876,
    0.1702466598507829,
    0.024440306218880572,
    25949.386262844782,
    0.4259599783666847,
    0.4630731206057329,
    127.38766901027583,
    870.711087074094,
    47961.23493780422,
    15.713990477486814,
    5477.599929756249,
    -686.2667678320021,
    507400.20170130586,
    13.019466484124388,
    -10993.210060690422,
    4655.131366587625,
    196.97131165689154,
    11.409232640273308,
    0.2392553454435705,
    0.3938345051379124
  ],
  "scale": [
    0.03183699107047703,
    0.03829255360642029,
    0.006375602463438342,
    0.0627870022339718,
    0.056592982199110804,
    0.03439144067625197,
    0.05087408411362785,
    0.06771983144499864,
    0.017219655602999148,
    7765.649311901829,
    0.4944876896309333,
    0.03841588938328467,
    327.0062388024318,
    2124.538531799421,
    16519.5059476136,
    5.217544464338294,
    540737.8317190034,
    31021.640021611092,
    28392734.10122684,
    778.1795132323637,
    844106.6526342107,
    447520.0731268731,
    16746.136033678486,
    3.3803209698427796,
    0.8651730700700971,
    0.4885989026806017
  ],
  "features": [
    "unemployment_rate",
    "labor_force_participation",
    "no_schooling_rate",
    "hs_grad_rate",
    "bachelors_rate",
    "single_mother_rate",
    "married_couple_rate",
    "public_assist_rate",
    "ssi_rate",
    "per_capita_income",
    "post_covid",
    "gini_index",
    "no_health_insurance",
    "housing_cost_burden",
    "median_income",
    "log_total_obligation",
    "direct_payment_share",
    "grants_share",
    "contract_share",
    "hhs_share",
    "usda_share",
    "ssa_share",
    "hud_share",
    "log_avg_award_value",
    "obligation_growth_yoy",
    "is_delta"
  ]
}