{
  "years": [
    2015,
    2016,
    2017,
    2018,
    2019,
    2020,
    2021,
    2022,
    2023
  ],
  "appalachia": [
    50.28348,
    46.516008,
    2265.376793,
    78.803608,
    99.329971,
    20.756167,
    -8.828078,
    -12.91783,
    -11.601753
  ],
  "delta": [
    49.541057,
    70.987484,
    1883.079321,
    -0.927438,
    11.268437,
    14.834811,
    31.687144,
    -25.405934,
    6.552331
  ]
}