{
  "years": [
    2014,
    2015,
    2016,
    2017,
    2018,
    2019,
    2020,
    2021,
    2022,
    2023
  ],
  "appalachia": [
    2.377898,
    3.573588,
    5.235879,
    123.848261,
    221.445158,
    441.40657,
    533.025656,
    485.969735,
    423.192989,
    374.095184
  ],
  "delta": [
    1.699085,
    2.54083,
    4.344502,
    86.154918,
    85.355884,
    94.974158,
    109.063394,
    143.62247,
    107.13384,
    114.153604
  ],
  "unit": "billions USD"
}